video_id,phase,item,present,time_hhmmss,notes
1,S&S_GOWISELY,Identity (name / badge number provided),1,00:52,
1,S&S_GOWISELY,Station (officer based at) shared,1,00:53,
1,S&S_GOWISELY,Grounds explained,1,00:56,
1,S&S_GOWISELY,Object of search stated,1,00:58,
1,S&S_GOWISELY,Warrant card shown (if plainclothes),999,999,
1,S&S_GOWISELY,Entitlement to record of search mentioned,1,01:06,
1,S&S_GOWISELY,"Legal power cited (e.g., Section 1 of PACE)",1,01:12,
1,S&S_GOWISELY,Face being detained is clearly communicated,0,999,
2,S&S_GOWISELY,Other relevant behaviour likely in this category (provide further detail),1,00:39,other officer doing GOWISELY in the background for the rest of the group - starting without the other citizen  - officer letting his partner do the GOWISELY
2,S&S_GOWISELY,Grounds explained,1,01:16,
2,S&S_GOWISELY,Other relevant behaviour likely in this category (provide further detail),1,02:48,he's explained it to you hasn�t he?
2,S&S_GOWISELY,Object of search stated,1,02:58,
2,S&S_GOWISELY,Warrant card shown (if plainclothes),999,999,
2,S&S_GOWISELY,Identity (name / badge number provided),0,999,
2,S&S_GOWISELY,Station (officer based at) shared,0,999,
2,S&S_GOWISELY,Entitlement to record of search mentioned,0,999,
2,S&S_GOWISELY,"Legal power cited (e.g., Section 1 of PACE)",1,02:57,
2,S&S_GOWISELY,Other relevant behaviour likely in this category (provide further detail),1,05:43,turning back away from the citizen
3,S&S_GOWISELY,"Legal power cited (e.g., Section 1 of PACE)",1,02:51,
3,S&S_GOWISELY,Object of search stated,1,02:52,
3,S&S_GOWISELY,Identity (name / badge number provided),1,02:53,
3,S&S_GOWISELY,Station (officer based at) shared,1,02:54,
3,S&S_GOWISELY,Grounds explained,1,03:13,
3,S&S_GOWISELY,Warrant card shown (if plainclothes),999,999,
3,S&S_GOWISELY,Face being detained is clearly communicated,1,03:32,
3,S&S_GOWISELY,Entitlement to record of search mentioned,1,03:51,
3,S&S_GOWISELY,Face being detained is clearly communicated,1,04:19,
3,S&S_GOWISELY,"Legal power cited (e.g., Section 1 of PACE)",1,04:20,
3,S&S_GOWISELY,Object of search stated,1,04:21,
3,S&S_GOWISELY,Grounds explained,1,04:35,
3,S&S_GOWISELY,Identity (name / badge number provided),1,04:59,
3,S&S_GOWISELY,Station (officer based at) shared,1,05:01,
3,S&S_GOWISELY,"Legal power cited (e.g., Section 1 of PACE)",1,05:06,
3,S&S_GOWISELY,Object of search stated,1,05:12,
3,S&S_GOWISELY,Entitlement to record of search mentioned,1,05:14,
4,S&S_GOWISELY,Grounds explained,0,999,
4,S&S_GOWISELY,Identity (name / badge number provided),1,01:46,
4,S&S_GOWISELY,Face being detained is clearly communicated,1,01:55,
4,S&S_GOWISELY,Station (officer based at) shared,1,01:56,
4,S&S_GOWISELY,Object of search stated,1,01:59,
4,S&S_GOWISELY,Warrant card shown (if plainclothes),0,999,
4,S&S_GOWISELY,Entitlement to record of search mentioned,1,02:47,
5,Use_of_Force_PLAN,"De-escalation attempt - verbal commands, time given to comply, space given",1,07:25,
5,Use_of_Force_PLAN,Proportionality - force level matches citizen resistance,1,07:26,
5,Use_of_Force_PLAN,"Justification stated - e.g., officer verbally explaining why force is needed",0,999,
5,Use_of_Force_PLAN,"De-escalation attempt - verbal commands, time given to comply, space given",1,08:45,
5,Use_of_Force_PLAN,Necessary - verbal warning before force (unless immediate threat),1,09:00,
5,Use_of_Force_PLAN,Lawful - legal power (if applicable),1,09:42,
5,Use_of_Force_PLAN,Stop force once compliance achieved,1,10:10,
5,Use_of_Force_PLAN,Medical check offered / performed - checking citizen well-being,1,11:22,
6,Use_of_Force_PLAN,"Justification stated - e.g., officer verbally explaining why force is needed",1,02:52,
6,Use_of_Force_PLAN,Lawful - legal power (if applicable),0,999,
6,Use_of_Force_PLAN,Necessary - verbal warning before force (unless immediate threat),1,04:09,
6,Use_of_Force_PLAN,"De-escalation attempt - verbal commands, time given to comply, space given",1,04:09,
6,Use_of_Force_PLAN,"De-escalation attempt - verbal commands, time given to comply, space given",1,05:51,
6,Use_of_Force_PLAN,"De-escalation attempt - verbal commands, time given to comply, space given",1,09:34,
6,Use_of_Force_PLAN,"De-escalation attempt - verbal commands, time given to comply, space given",1,12:56,
6,Use_of_Force_PLAN,Proportionality - force level matches citizen resistance,1,13:00,
6,Use_of_Force_PLAN,Stop force once compliance achieved,1,13:44,
6,Use_of_Force_PLAN,Medical check offered / performed - checking citizen well-being,0,999,
6,Use_of_Force_PLAN,"De-escalation attempt - verbal commands, time given to comply, space given",1,13:46,
6,Use_of_Force_PLAN,"Justification stated - e.g., officer verbally explaining why force is needed",1,13:53,
7,Use_of_Force_PLAN,"Justification stated - e.g., officer verbally explaining why force is needed",0,999,
7,Use_of_Force_PLAN,Lawful - legal power (if applicable),0,999,
7,Use_of_Force_PLAN,Proportionality - force level matches citizen resistance,1,06:45,
7,Use_of_Force_PLAN,Necessary - verbal warning before force (unless immediate threat),1,06:47,
7,Use_of_Force_PLAN,Necessary - verbal warning before force (unless immediate threat),1,07:00,
7,Use_of_Force_PLAN,"De-escalation attempt - verbal commands, time given to comply, space given",1,07:56,
7,Use_of_Force_PLAN,Stop force once compliance achieved,999,999,
7,Use_of_Force_PLAN,Medical check offered / performed - checking citizen well-being,999,999,
7,Use_of_Force_PLAN,"De-escalation attempt - verbal commands, time given to comply, space given",1,08:03,
7,Use_of_Force_PLAN,"De-escalation attempt - verbal commands, time given to comply, space given",1,08:33,
8,Use_of_Force_PLAN,"Justification stated - e.g., officer verbally explaining why force is needed",0,999,
8,Use_of_Force_PLAN,Lawful - legal power (if applicable),0,999,
8,Use_of_Force_PLAN,"De-escalation attempt - verbal commands, time given to comply, space given",1,08:54,
8,Use_of_Force_PLAN,Proportionality - force level matches citizen resistance,1,08:55,
8,Use_of_Force_PLAN,Necessary - verbal warning before force (unless immediate threat),1,08:57,
8,Use_of_Force_PLAN,Stop force once compliance achieved,0,999,
8,Use_of_Force_PLAN,Medical check offered / performed - checking citizen well-being,0,999,
8,Use_of_Force_PLAN,Proportionality - force level matches citizen resistance,0,09:15,
9,Use_of_Force_PLAN,"Justification stated - e.g., officer verbally explaining why force is needed",0,999,
9,Use_of_Force_PLAN,"De-escalation attempt - verbal commands, time given to comply, space given",1,01:13:00,
9,Use_of_Force_PLAN,Necessary - verbal warning before force (unless immediate threat),1,01:31:00,
9,Use_of_Force_PLAN,Necessary - verbal warning before force (unless immediate threat),1,01:41:00,
9,Use_of_Force_PLAN,Proportionality - force level matches citizen resistance,1,01:42:00,
9,Use_of_Force_PLAN,Lawful - legal power (if applicable),1,01:51:00,
9,Use_of_Force_PLAN,Stop force once compliance achieved,1,01:56:00,
9,Use_of_Force_PLAN,Medical check offered / performed - checking citizen well-being,0,999,
